NES,SNES,PS1,PS2,GameCube,Xbox 360,Wii,PS3
Cybernoid,Battle Clash,Driver,Call of Duty 2,Kirby Air Ride,Afro Samurai,Bakugan Battle Brawlers,Assassin’s Creed 3
Dr Mario,NBA JAM,The Game of Life,Driver 3,Marvel Nemesis Rise of the Imperfects,Alan Wake,Boom Blox,Catherine
Excitebike,Starfox,Twisted Metal,Final Fantasy X,Sonic Adventure 2 Battle,Assassin’s Creed 2,Brunswick Pro Bowling,Devil May Cry
Ice Hockey,Street Fighter II,,Gran Turismo 3,Spyro Enter the Dragonfly,Assassin’s Creed Brotherhood,Call of Duty Black Ops,Diablo III
Joust,Street Fighter II Turbo,,Grand Theft Auto Vice City,Star Wars Bounty Hunter,Assassin’s Creed III,Call of Duty Modern Warfare 3,God of War
Karate Kid,Super Battletank,,Guitar Hero III,,Assassin’s Creed Revelations,Call of Duty World at War,God of War 2
Kung Fu,Super Mario All-Stars,,Ico,,Batman Arkham City,Conduit,God of War 3
Marble Madness,Super Mario World,,Karaoke Revolution Volume 3,,Battlefield 3,Conduit 2,Grand Theft Auto 5
Metroid,Tetris & Dr Mario,,Metal Gear Solid 2,,Battlefield Bad Company 2,De Blob,Lego Harry Potter
Othello,The Jungle Book,,Need for Speed Most Wanted,,Bioshock Infinite,Driver San Francisco,NBA 2K13
Rush N’ Attack,,,Okami,,Borderlands,Fire Emblem Radiant Dawn,Sleeping Dogs
Shadowgate,,,Prince of Persia the Sands of Time,,Brink,Kirby’s Epic Yarn,Tomb Raider
Stadium Events,,,Ratchet & Clank: Up Your Arsenal,,Call of Duty 2,Mario Party 8,Uncharted III
Super Mario Bros 3,,,Shadow of the Colossus,,Call of Duty Black Ops,MarioKart Wii,
Super Mario Duck Hunt,,,Super Monkey Ball Adventure,,Call of Duty Black Ops II,Mercury Meltdown Revolution,
Tetris,,,Tekken 3,,Call of Duty Modern Warfare 2,Need for Speed Pro Street,
TMNT,,,Tekken 5,,Call of Duty Modern Warfare 3,New Super Mario Bros Wii,
Top Gun,,,Tekken Tag Tournament,,Call of Duty World at War,Puppy Luv,
Zelda,,,The Hobbit,,Dark Souls,Spyro The Eternal Night,
,,,Tony Hawk’s Underground,,Darksiders,Star Wars Force Unleashed,
,,,Viewtiful Joe 2,,Devil May Cry 4,Star Wars Force Unleashed II,
,,,,,Dragon Age Inquisition,Super Mario Galaxy,
,,,,,Dragon Age Origins,Super Paper Mario,
,,,,,Dragonball Z Ultimate Tenkaichi,Super Smash Bros Brawl,
,,,,,Elder Scrolls Oblivion,Tom Clancy’s Ghost Recon,
,,,,,Fifa 14,Tom Clancy’s Splinter Cell Double Agent,
,,,,,Fifa 15,,
,,,,,Final Fantasy XIII,,
,,,,,Forza Motorsport 4,,
,,,,,Gears of War 2,,
,,,,,Grand Theft Auto 4,,
,,,,,Grand Theft Auto 5,,
,,,,,Guitar Hero Aerosmith,,
,,,,,Guitar Hero III,,
,,,,,Guitar Hero Metallica,,
,,,,,Halo 3,,
,,,,,Halo 4,,
,,,,,Just Dance 2015,,
,,,,,Kung Fu Panda,,
,,,,,L.A. Noire,,
,,,,,Lego Indiana Jones,,
,,,,,Madden 10,,
,,,,,Madden 12,,
,,,,,Madden 12,,
,,,,,Mass Effect,,
,,,,,Mass Effect 3,,
,,,,,Mirror's Edge,,
,,,,,NHL 15,,
,,,,,Portal 2,,
,,,,,Quake Wars Enemy Territory,,
,,,,,Rage,,
,,,,,Rainbow Six Vegas 2,,
,,,,,Resonance of Fate,,
,,,,,Rockband,,
,,,,,Skate 2,,
,,,,,Skyrim,,
,,,,,The Orange Box,,
,,,,,The Walking Dead,,
,,,,,Walking Dead Survival Instinct,,